User ID,User Followers,User Following,User Number of Posts,User last 2 post number of likes,User last 2 post number of comments,Sex,Approx age,Country,Follow Back,Number of followers of my account,Number of following of my account
kunal_kaser,525,238,217,27,0,M,19,India,0,0,0
hanu1503,465,4027,8,76,6,M,17,India,1,0,1
vikasyada6019,123,512,1,34,11,M,19,India,1,0,2
sarikabiswash,47,5,1,10,4,F,20,India,0,0,3
richaknag,1130,66,14,218,13,F,21,India,0,0,4
katrinakaif,23600000,362,555,1100000,6000,F,35,India,0,0,5
preety_6155,221,38,7,555,6,F,23,India,0,0,6
kanishkabhaedwaj_mua,317,51,47,88,7,F,28,India,0,0,7
gill_abhi,62,98,3,72,26,M,18,India,0,0,8
koundal1014,1175,1399,17,200,9,M,18,India,0,0,9
meenia_mamta,170,43,223,73,6,F,16,India,0,0,10
_urs_aniket,95,4,2,61,7,M,17,India,0,0,11
mayank5071,26,79,1,12,0,M,14,India,0,0,12
cutex_forever,239,188,20,140,34,F,15,India,0,0,13
nitishdhiman1999,20,23,3,17,0,M,20,India,1,0,14
anveethakur818,84,7,2,92,21,F,18,India,0,0,15
kirtiguleria2,139,211,1,64,6,F,18,India,0,0,16
anilchhachhar,75,46,3,25,1,M,22,India,0,0,17
runalikadam367,79,13,1,58,4,F,19,India,0,0,18
anjali_gavel_615,886,22,5,753,158,F,17,India,0,0,19
ronidarshan50,3040,304,36,380,140,F,14,Israel,0,2,20
ashkinazinikole,2310,1654,16,630,83,F,15,Israel,0,2,21
tal_shokronn,10200,1013,191,703,77,F,18,Israel,0,2,22
musc.aa,2081,1204,491,395,7,F,22,USA,0,2,23
alessiaomenigrandi,1146,230,383,320,11,F,21,Italy,0,2,24
adougibba,940,3208,128,88,2,M,19,Africa,0,2,25
sorrawitt,3756,875,678,289,11,M,20,USA,0,2,26
dpotter,2310,348,6,156,22,M,20,USA,0,2,27
mutturajchavan95,78,748,7,22,1,M,22,India,0,2,28
l.minoush,17,63,1,12,0,F,24,France,0,2,29
joy.ss_,129,68,9,42,2,M,19,USA,0,2,30
melusineblancon,1361,248,19,236,0,F,32,USA,0,2,31
samir.numan,1588,1996,95,258,4,M,25,USA,0,2,32
mutmacher,416,457,297,122,8,M,40,Germany,0,2,33
alserri89,459,366,33,64,0,M,32,USA,0,2,34
lana_del_whey,1943,1281,619,138,8,F,27,Ireland,0,2,35
fab.highlife,141,236,95,76,4,M,45,Italy,0,2,36
tiara_skye,1659,287,477,116,6,F,34,UK,0,2,37
guv_dheraj,354,266,29,104,1,M,32,UK,1,2,38
kathleencpaxton,568,560,18,398,68,F,18,UK,0,2,39
radiantfoto,71,46,78,34,2,F,20,UK,0,2,40
simply.katerina,863,22,58,104,0,F,29,UK,0,2,41
itskendalolivia,2993,1536,808,192,22,F,31,UK,0,2,42
roccopedonephotography,203,308,33,44,4,M,28,Italy,0,2,43
hentsu,44,70,18,24,1,M,40,UK,0,2,44
elladavidson59,1,7,3,6,4,F,25,UK,0,2,45
valinserra,831,203,2546,12,20,F,38,UK,0,2,46
anapaulazenati,705,235,147,104,6,F,22,UK,0,2,47
readzreal,2850,7493,4078,24,0,M,28,UK,0,2,48
the.tibi,1753,1734,2939,38,1,M,30,UK,0,2,49
carol_boolugli,1767,1427,1186,72,6,F,28,UK,0,2,50
oandrewlocke,39,93,9,10,0,M,29,UK,0,2,51
celestia.winter,1,1,17,12,2,F,18,UK,0,2,52
ayaan.pawar,28,6,5,24,1,M,18,India,0,2,53
ravenna901,51,93,4,4,2,F,25,India,0,2,54
_thecozychic_,8629,315,109,186,42,F,26,India,0,2,55
aarti_rajput46,814,161,5,130,152,F,18,India,0,2,56
jyotsana_trivedi,9682,77,145,688,28,F,21,India,0,2,57
mr_ankit.prakash,4826,7485,20,482,2,M,17,India,0,2,58
aditidhanraj,856,322,122,416,26,F,21,India,0,2,59
editing_trendz_08,6804,6570,17,712,64,M,22,India,0,2,60
shubampatil1235,850,2151,8,226,2,M,25,India,0,2,61
krushna_khekar_1_4_3,339,538,59,160,6,M,18,India,0,2,62
yoshita_garodia,8981,780,237,2081,14,F,20,India,0,2,63
meysam_rajani_bjp,2307,4153,182,1200,1,M,34,India,0,2,64
michelle.dcosta,1254,466,151,624,10,F,22,India,0,2,65
iamaniketmokal,303,256,3,226,14,M,19,India,0,2,66
9harshal,786,778,45,190,16,M,22,India,0,2,67
swweennaa,836,912,106,186,4,F,21,India,0,2,68
riya_patel_39,61,226,8,52,2,F,17,India,0,2,69
rohya_101,336,391,28,150,4,M,19,India,0,2,70
avneetkaur_13_life,5,41,4,4,0,F,18,India,0,2,71
anasshaikh457,310,1807,45,24,0,M,14,India,0,2,72
ankur_ashwini_gavarai,234,243,73,130,1,M,19,India,0,2,73
alisba_47,8014,2731,4,1482,69,F,16,India,0,2,74
_roshni_katariya,112,20,3,70,2,F,17,India,0,2,75
iam_sona___,581,515,13,292,32,F,18,India,0,5,76
_trisha2355,404,108,17,242,60,F,18,India,0,5,77
pratham_boy,641,897,8,102,12,M,17,India,0,5,78
pramod_pr7,77,101,4,43,30,M,19,India,0,5,79
ajsinghpatel,40,58,4,18,1,M,21,India,0,5,80
sp552718,81,129,8,24,1,M,22,India,0,5,81
gulshapatel,93,172,5,38,4,M,25,India,0,5,81
balrambamba,1076,878,578,64,2,M,22,India,0,5,82
_nandini.negi_,1370,58,109,302,40,F,19,India,0,5,83
__flirty.girl_,2590,25,18,720,78,F,21,India,0,5,84
sakshi_deshwal_,3771,169,89,521,42,F,22,India,0,5,85
nidhi_baniwal,761,22,104,148,18,F,20,India,0,5,86
jatinkapoor2k17,673,1803,598,128,2,M,25,India,0,5,87
he.mant2468,17,90,2,20,0,M,22,India,0,5,88
aparnadinesh1129,175,51,26,130,8,F,21,India,0,5,89
wandOfbeauty,60,62,31,32,0,F,24,India,0,5,90
fuckin_dope__,96,280,7,78,4,M,22,India,0,5,91
reshmasalmani,1286,204,635,24,4,F,23,India,0,5,92
tanu_priya007,95,4,100,30,2,F,23,India,0,5,93
official_anjali_verma,774,16,16,120,2,F,24,India,0,5,94
the_mermaid_in_dusguise,662,36,37,164,16,F,22,India,0,5,95
deepak_panjathia,341,487,270,66,1,M,23,India,0,5,96
garry.ak,244,1970,95,36,8,M,21,India,1,5,97
candy_lifestyle_,707,225,184,129,1,F,25,India,0,5,98
ratneshsin,1114,649,254,128,14,M,27,India,0,5,99
jyotiarora89,994,359,303,142,14,F,30,India,0,5,100
epicchrista,820,418,820,104,4,F,28,USA,0,7,101
thatonemaligirl_,1260,1060,59,125,2,F,24,USA,0,7,102
cultivatingshadows,1674,933,877,24,2,F,27,USA,0,7,103
lisarosegraf,674,1725,548,100,2,F,25,USA,0,7,104
ben6995,412,780,448,20,2,M,37,USA,0,7,105
reikiwithrainbow,2865,1875,1011,50,2,F,25,USA,0,7,106
landsharke,679,582,51,336,36,F,18,USA,0,7,107
alli.cowan,581,496,273,160,26,F,22,USA,0,7,108
don.d1d1,1240,1848,59,404,12,M,30,USA,0,7,109
antobonfiglio,881,1020,1995,72,6,F,25,USA,0,7,110
steph.papa_g,243,779,208,64,2,F,27,USA,0,7,111
cheyennepalma,1198,619,1725,134,22,F,35,USA,0,7,112
leahjohnsonkumar,363,376,4227,28,2,F,40,USA,0,7,113
dischordiaband,864,247,396,82,2,F,30,USA,0,7,114
hannielynn1,1048,3339,3560,40,4,F,30,USA,0,7,115
kylietheboomerang,1537,3393,311,70,2,F,24,USA,0,7,116
karishmabeautyy,148,186,50,48,2,F,27,USA,0,7,117
willviharo,1041,1384,16000,2,0,M,37,USA,0,7,118
bairbrownstylist,2074,550,353,197,6,F,32,USA,0,7,119
morganvoigtlander,505,490,292,226,14,F,29,USA,0,7,120
alexander_brookes,523,249,286,112,6,M,25,USA,0,7,121
lexpitra,559,473,719,109,12,F,19,USA,0,7,122
melli.n2002,275,399,18,222,8,F,17,USA,0,7,123
briannemariko,794,1035,392,266,4,F,26,USA,0,7,124
jacelayne,866,761,609,326,12,F,23,USA,0,7,125
melissa_brightsideevents,1356,981,452,110,6,F,26,USA,0,7,126
melwooo,476,1170,938,72,12,M,19,USA,0,7,127
zickzoelke,1911,1022,1306,1100,30,M,38,USA,0,7,128
kongchankanjana,92,85,11,12,0,F,44,USA,0,7,129
ilikeamy_,3322,887,301,290,30,F,25,USA,0,7,130
carlmarieandanthony,30400,317,424,8298,6,M,28,USA,0,7,131
all.about.tracey,565,566,47,78,6,F,29,USA,0,7,132
ni.na.bee,569,1764,981,48,2,F,18,Canada,0,7,133
djdiston,1533,1349,287,144,14,M,25,Canada,0,7,134
rabianunesxox,1345,281,749,112,24,F,27,Canada,0,7,135
san.scary,2354,992,852,244,20,M,25,Canada,0,7,136
camanchetitherescue,428,803,87,60,1,M,47,Canada,0,7,137
avii_moskovitz,428,786,22,316,58,F,19,Canada,0,7,138
hoziane_,997,617,1034,340,36,F,26,Canada,0,7,139
sarah_bavaro,162,180,8,160,14,F,21,Canada,0,8,140
lotaya_lately,503,423,161,104,2,F,18,Canada,0,8,141
markkonski,235,159,8,144,2,M,24,Brazil,0,8,142
will_pereirasoares,105,375,68,12,0,M,22,Brazil,0,8,143
damaris_566,354,310,6,34,0,F,18,Brazil,0,8,144
frezende.021,511,887,161,38,1,F,41,Brazil,0,8,145
gracaleitequintela,504,239,205,64,6,F,32,Brazil,0,8,146
viviane_almeida_fofi,4,19,7,6,2,F,18,Brazil,0,8,147
thee1stladiee,3272,1082,590,738,110,F,23,USA,0,8,147
brdgsmsc,2451,700,49,198,10,M,26,USA,0,8,147
meghanrosewellness,1691,531,207,256,38,F,22,USA,0,8,147
angelika_penerdji,1606,990,680,425,16,F,25,USA,0,8,148
danil_zorin_,233,234,7,122,22,M,22,USA,0,8,149
crazywokeasians,703,957,309,72,1,M,27,USA,0,8,150
aravind_23k,2246,1582,724,420,2,M,26,India,0,8,151
thewhimsicalmonk,1112,765,218,550,12,F,27,India,0,8,152
ihzan_bk,2487,1950,199,748,46,M,22,India,0,8,153
rudythulung,9733,605,328,786,32,M,28,India,0,8,154
___idgaf__._,1096,845,169,466,4,M,25,India,0,8,155
monika13manjunath,1779,1020,53,270,2,F,24,India,0,8,156
visves_kr,709,702,244,116,2,M,27,India,0,8,157
who_sujish_,1366,538,144,280,2,M,22,India,0,8,158
born_fo_yew,435,225,28,288,20,M,23,India,0,8,159
spsiras,453,401,7,208,2,F,21,India,0,8,160
phukanbarsha,3997,153,231,506,20,F,22,India,0,8,161
dis_s_anish,374,341,63,248,2,M,23,India,0,8,162
albatross_brook,761,238,230,142,2,F,27,India,0,8,163
moulibharathwaj,1196,642,559,314,3,M,19,India,0,8,164
__minimakist.af__,269,259,26,244,14,F,21,India,0,8,165
apurva_sharma______,1068,140,10,330,52,F,22,India,0,8,166
_w_h_i_t_e__official,5089,4794,147,296,2,M,21,India,0,8,167
missparokod,3055,123,213,968,44,F,23,India,0,8,168
elai_arasan,529,671,53,318,14,M,24,India,0,8,169
coochiee_coo,1594,880,51,398,16,F,18,India,0,8,170
danish_danu_3401,167,100,14,36,4,M,26,India,0,8,170
ladly.papaki,148,22,27,100,4,F,18,India,0,8,171
mahadevr,295,45,170,84,4,M,24,India,0,8,172
itsmamit,391,12,119,46,0,M,23,India,0,8,173
janinepilmer,1589,1086,157,204,12,F,28,India,0,8,174
aniket_killer_,276,9,29,82,6,M,21,India,1,8,175
trillestindian,389,163,3,124,2,M,22,India,0,8,176
dark_story_mine_,1587,439,305,28,0,F,18,India,0,8,177
baharasma23,516,105,179,200,12,F,19,India,0,8,178
sushritasetty,980,421,503,124,10,F,21,India,0,8,179
tamilvanan2,257,172,2,88,0,M,21,India,0,8,180
_vishnuviez,351,298,31,184,8,M,23,India,0,8,181
avinkp,313,101,253,72,0,M,26,India,0,8,182
banu_sana_,493,152,66,150,40,F,18,India,0,8,182
leocor_17,527,289,156,328,12,M,17,India,0,8,183
kraty_maheshwari,1594,170,630,322,2,F,18,India,0,8,184
aishwarya_sinha1,446,306,47,262,14,F,20,India,0,8,185
chetan_840,417,857,54,88,2,M,23,India,0,8,186
sonishah52,47,19,8,28,2,F,17,India,0,8,187
anas_abk_,676,427,50,270,22,M,20,India,0,8,188
_.nandiniiiii_,1462,264,52,260,26,F,22,India,0,8,189
rohan_chowdgury17,250,781,428,74,14,M,17,India,0,8,190
thy_fashion_scarlett,2295,552,150,864,10,F,23,India,0,8,191
kholi8270,241,3271,53,18,0,M,15,India,0,8,192
puja_pandey1234,5,45,15,4,0,F,21,India,0,8,193
roybeauty1009,945,83,299,210,18,F,23,India,0,8,194
naresh_naani_,567,563,318,145,10,M,25,India,0,8,195
__music___head__444,1115,1133,286,398,32,F,20,India,0,8,196
gorom_lagcheyy,509,79,22,118,8,F,19,India,0,8,197
swahilgupta,207,210,65,64,4,M,21,India,0,8,198
_imbebo_,1057,351,432,262,4,F,26,India,0,8,199
somiya.14,298,25,15,90,4,F,18,India,0,8,200
_neiljoy_,1262,1578,154,680,52,M,25,India,0,8,201
ungtharin13,783,392,56,326,24,F,24,India,0,8,202
sonu__23__,711,279,28,528,56,F,22,India,0,8,203
the_gong_experience,1857,832,449,628,82,M,39,India,0,8,204
sajith10_official,372,646,45,228,2,M,18,India,0,8,205
vigneshkumar_s99,370,302,25,234,2,M,22,India,0,8,206
prashikavedi28,487,331,38,368,10,F,27,India,0,8,207
harishsatish,512,162,64,202,2,M,24,India,0,8,208
rahul27695,472,1165,50,200,2,M,23,India,0,8,209
subash_2505,309,251,5,178,4,M,22,India,0,8,210
dylan_sabu,388,461,17,328,26,M,21,India,0,8,211
scene_ragul,357,347,46,52,2,M,24,India,0,8,212
abu_hug_cr7,654,90,93,96,4,M,23,India,0,8,213
immanchris_official,392,514,116,162,2,M,26,India,0,8,214
mr.sanat811,276,189,84,110,2,M,21,India,0,8,215
hearty_the_danger,501,259,55,312,18,F,21,India,0,8,216
modeling__kings,311,218,103,110,2,M,24,India,0,8,217
lovelydonesh8416,288,898,68,46,0,M,18,India,0,8,218
sushmitamukesh,138,326,27,102,2,F,23,India,0,8,219
varshapanjabi,986,125,170,110,4,F,25,India,0,8,220
kittu__smart,9661,2140,3,764,16,F,21,India,0,8,221
kirubahar,1678,857,182,140,2,M,24,India,0,8,222
sonu__23__,711,279,28,528,56,F,19,India,0,8,223
amal_dz__,2602,406,181,726,16,M,22,India,0,8,224
realapsara,2400,275,760,96,4,F,21,India,0,8,225
ashishdhsv,80,182,62,24,0,M,23,India,0,8,225
numeei_muman,59,86,17,32,0,M,18,India,0,8,226
pooja.sharma.official7,1056,168,33,418,36,F,32,India,0,8,227
prince_prateeksaxena,182,865,71,48,0,M,28,India,0,8,228
noor__saba__009,3594,2116,5,200,10,F,19,India,0,8,229
akela.govind,30,98,142,2,0,M,18,India,0,8,229
kcbalasarangan,603,1664,49,189,2,M,24,India,0,8,230
ferdyanpp,900,749,186,216,20,M,23,USA,0,8,231
gualagualcdi,2157,692,261,32,0,F,18,USA,0,8,232
brenaalee6295,114,107,50,42,10,F,23,USA,0,8,233
cailinagustina,1750,577,78,678,60,F,21,USA,0,8,234
jo_lawwriter86,3,11,11,4,2,M,33,USA,0,8,235
linseykemkes,543,496,58,100,4,F,24,USA,0,8,236
djgugaofficial,390,100,127,52,0,F,25,USA,0,8,237
dindaokt._,1149,737,6,334,48,F,23,USA,0,8,237
lifeofarp,83,637,2,22,4,F,31,USA,0,8,238
ilimadawn,310,329,124,78,6,F,26,USA,0,8,239
radicalvernon,1334,1442,911,12,1,M,24,USA,0,8,240
sonjasamazing,204,262,27,122,6,F,18,USA,0,8,241
pierrenarce,492,500,357,112,1,F,21,USA,0,9,242
perkyraichu,516,514,79,102,0,M,26,USA,0,9,243
any.leng,718,558,226,98,0,F,25,USA,0,9,244
od.inik,130,319,44,66,10,F,19,USA,0,9,245
hannaasanford,1760,917,1191,249,12,F,25,USA,0,9,246
soultrapp,2223,987,1134,104,10,F,29,USA,0,9,247
amineweldermariam,308,479,30,278,58,M,18,USA,0,9,248
meghan_feathers,1149,1015,1448,124,8,F,31,USA,0,9,249
ellendoesthehair,136,267,16,18,0,F,24,USA,1,9,250
grace_m_c_,1706,681,498,206,24,F,23,USA,0,9,251
cocoysw,694,643,120,484,2,F,18,USA,0,9,252
drippywitdamask,2746,4662,29,8,2,F,29,USA,0,9,253
bauer.jim,316,361,18,249,4,M,22,USA,0,9,254
laanafini,771,780,301,110,28,F,21,USA,0,9,255
mahibharati93,37,142,9,46,4,F,26,India,1,9,256
jstbyou,548,516,598,32,0,F,21,USA,0,9,257
juju_baee,838,1122,129,224,10,F,21,USA,0,9,258
ilk_trhrt,443,67,40,160,4,F,18,USA,0,9,259
makkzoid,14,32,5,6,2,M,21,USA,0,9,260
natalie_lotus_flower,1352,5431,3675,12,2,F,28,USA,0,9,261
dulcedelauren,1466,1442,333,426,22,F,24,USA,0,9,262
zachariwhite,1383,906,112,368,12,M,26,USA,0,9,263
chazman_,2101,1961,346,482,10,F,18,USA,0,9,264
kmaho480,341,163,503,144,8,F,50,USA,0,9,265
ericaaanichole,771,389,345,52,2,F,23,USA,0,9,266
mr.lisa_,508,655,2244,97,6,F,28,USA,0,9,267
cesar863,2199,1300,1907,214,14,M,28,USA,0,9,268
milos_jelisavac,258,151,116,52,4,M,32,USA,0,9,269
hyndsrobyn,114,125,45,36,10,F,18,USA,0,9,270
queenbryyee,1226,741,60,202,1,F,24,USA,0,9,271
mbolobanic,112,174,19,8,0,M,18,USA,0,9,272
asselya.a,1243,545,48,296,18,F,19,USA,0,9,273
janessa_escajeda,22,6,60,20,0,F,33,USA,0,9,274
trangelyogi,700,917,156,142,12,F,21,USA,0,9,275
mehaknadeem,1276,165,95,208,12,F,23,USA,0,9,276
apothecaryoflight,162,112,140,26,2,F,26,USA,0,9,277
hellokawen,1245,950,228,716,38,F,18,USA,0,9,278
that_one_dredge_guy,119,500,8,16,0,M,28,USA,0,9,279
koruku.z32,162,515,218,26,2,M,29,USA,0,9,280
ju_84_ju,771,784,567,116,8,F,23,USA,0,10,281
daedae.apillanes,146,573,14,76,4,M,21,USA,0,10,281
drh12146,47,130,38,16,2,M,50,USA,0,10,282
kelseylamiere,177,401,38,2,0,F,22,USA,0,10,283
ikhanshowyoutheworlddd,6086,5072,91,789,44,F,22,USA,0,10,284
siky11,230,92,98,66,1,F,23,USA,0,10,285
madkarch,634,279,60,306,1,F,19,USA,0,10,286
nikasheeran,1770,2120,2081,50,10,F,18,USA,0,10,287
ikeruriona,663,1061,56,142,12,M,32,USA,0,10,288
ktptrs,457,396,270,108,6,F,18,USA,0,10,289
mamaj_dong,707,406,709,204,20,F,35,USA,0,10,290
catsaveforhire,298,417,154,79,8,F,21,USA,0,10,291
davidwest5150,697,1695,799,18,1,M,18,USA,0,10,292
brittany_kurtz,857,447,848,240,20,F,24,USA,0,10,293
annacstouffer,1271,784,116,882,26,F,16,USA,0,10,294
lavisvb,685,479,215,110,2,M,28,USA,0,10,295
awwwtopsy,235,674,164,60,16,F,25,USA,0,10,296
_.mdlyn,581,213,119,50,2,F,18,USA,0,10,297
teagann.stokess,211,274,9,158,26,F,19,USA,0,10,298
aaronwong9,36,92,246,30,4,M,28,USA,0,10,299
karate_liz,584,1177,470,116,2,F,29,USA,0,10,302
maheshvakkund96,432,636,72,172,8,M,23,India,0,10,303
naveen_venkat_07,667,363,350,240,8,M,25,India,0,10,304
fdofrancis,359,914,43,140,0,M,32,India,0,10,305
omiphotoworks,634,925,181,192,8,F,25,India,0,10,306
simbu_babi,263,260,103,144,6,M,24,India,0,10,307
prem.saran.98,531,1526,182,146,0,M,21,India,0,10,308
prabhakart26,181,189,18,30,2,M,26,India,0,10,309
sush2587,269,328,35,48,2,F,19,India,0,10,310
surendar_sonu,869,110,44,168,4,M,21,India,0,10,311
bharathi_1305,80,68,49,42,2,M,26,India,0,10,312
divya_love_today_,1973,524,309,360,28,F,21,India,0,10,313
arun.teejay.35,49,51,4,42,0,M,21,India,0,10,314
y.dhana__sekar,59,54,15,24,0,M,17,India,0,10,315
sorathuku_ila,169,128,7,50,0,M,18,India,0,10,316
shyam_disha,99,37,51,50,6,F,16,India,0,10,317
vickydevillers2000,135,98,4,10,0,M,18,India,0,10,318
txnujx_mxgesh,1028,877,124,218,2,F,19,India,0,10,319
iamvishal_s_,391,152,195,160,2,M,21,India,0,10,320
gowtham_era,83,68,9,54,0,M,24,India,0,10,320
lovelyboysatish_007,398,61,95,84,12,M,18,India,0,10,321
mohdsufiyan1278,133,47,9,64,10,M,22,India,0,10,322
mr_ayyu_ck,209,59,6,92,14,M,18,India,0,10,323
altamash__khan_72,2183,1123,10,504,32,M,19,India,0,10,324
j_y_o_t_i_07,871,17,43,166,22,F,20,India,0,10,325
khantalha38,264,473,39,138,16,M,16,India,0,10,326
sujelalukman,96,142,7,34,4,M,18,India,0,10,327
the_fab_farhin,1351,614,239,130,2,F,18,India,0,10,328
nehadaga_official,2721,834,411,508,12,F,18,India,0,10,329
shwets_24,3344,628,610,274,2,F,24,India,0,10,330
veevloot,1514,1014,2246,102,6,F,24,USA,0,13,331
2myungsoo,2350,618,1343,134,14,F,29,USA,0,13,332
4totamarck,221,317,581,24,0,F,21,USA,0,13,333
stepneyrobert,397,310,57,52,2,M,31,USA,0,13,334
josephineyo69,39,53,92,14,2,F,18,USA,0,13,335
wateriko,220,328,617,56,2,F,24,USA,0,13,336
jasecavanaugh,89,135,138,72,12,M,23,USA,0,13,337
franzrosberg,1090,224,260,24,2,M,25,USA,0,13,338
patric_sea,400,717,1646,32,2,M,31,USA,0,13,339
holi__fit,441,90,335,66,2,F,22,USA,0,13,340
joshuareber,544,320,1505,26,2,M,24,USA,0,13,341
freerange64,93,145,239,36,10,F,24,USA,0,13,342
agusti_heizenreder,676,513,604,92,2,M,25,USA,0,13,343
tabatha_renz,228,118,636,40,2,F,24,USA,0,13,344
imnukyungmin,67,71,23,68,4,M,26,USA,0,13,345
liiisa.rg,475,464,32,4,0,F,23,USA,0,13,346
heatherwahlberg77,116,12,1444,16,4,F,34,USA,0,13,347
cordila,624,2513,611,42,2,F,31,USA,0,13,348
argongora,688,624,1144,120,12,M,51,USA,0,13,349
natureboybrandon,945,599,742,68,2,M,18,USA,0,13,350
necronomicraft,411,268,303,108,20,M,35,USA,0,13,351
dixonrayhamby,875,346,3091,24,1,M,48,USA,0,13,352
preetam.purbia,5,2,10,2,0,M,25,USA,0,13,353
cewang1212,57,57,119,18,0,F,32,USA,0,13,354
joycecarolgl,1835,1295,94,788,26,F,21,USA,0,13,355
kangye0919,193,184,55,98,2,F,19,USA,0,13,356
audreysve,215,336,223,30,2,F,19,USA,0,13,357
theveganpursuit,3600,306,348,102,8,F,34,USA,0,13,358
leanne.meininger,1334,2045,2359,94,2,F,24,USA,0,13,359
keanu.lanoza,355,596,2,70,2,M,15,USA,0,13,360
sharileid,1091,576,4897,36,4,F,28,USA,0,13,361
placostephoto,21700,124,159,276,1,M,25,USA,0,13,362
smith_brody,433,942,63,222,8,M,29,USA,0,13,363
sleepli,4353,7308,77,406,26,M,32,USA,0,13,364
ywymiemiemie_,497,543,52,94,4,F,24,USA,0,13,365
mlayhay,560,1766,356,88,1,F,28,USA,0,13,366
sean_cramer_,445,322,79,466,26,M,28,USA,0,13,367
arturasfisheris,106,103,9,54,1,M,29,USA,1,13,368
oglivia2,1005,1212,70,48,4,F,24,USA,0,13,369
lizlizethvelez,50,83,23,28,12,F,35,USA,0,13,370
davemcgrawr,605,671,44,98,12,M,31,USA,0,13,371
teobanz,1463,1521,486,386,4,M,31,USA,0,13,372
kazzz_8,626,313,118,62,1,F,18,USA,0,13,373
breebreethoo,823,710,121,138,4,F,23,USA,0,13,374
fancywancy1998,225,153,3,180,14,F,22,USA,0,13,375
nicolestambaugh,2157,1553,193,1060,16,F,24,USA,0,13,376
hannahfeller,2035,1223,292,752,8,F,18,USA,0,13,377
cartliebateman,1515,1173,38,466,1,F,24,USA,0,13,378
kenijileith,3683,1126,1132,164,1,M,28,USA,0,13,379
elinajahromi,3977,233,50,1818,108,F,21,USA,0,13,380
lillyydo,1694,1214,181,520,2,F,26,USA,0,13,381
dakota.orrico,965,824,17,800,158,F,24,USA,0,13,382
allie.tthomas,712,547,16,480,20,F,27,USA,0,13,383
paskiiieface,1199,423,53,666,22,F,18,USA,0,13,384
p.e.y.t.r.a,1670,1314,64,1236,64,F,23,USA,0,13,385
isabellasagastumee,1550,1827,11,666,440,F,22,USA,0,13,386
kyleemarshh,1597,1240,69,652,4,F,24,USA,0,13,387
kassi.winter,976,827,36,438,14,F,24,USA,0,13,388
_jennimurray,981,1020,55,480,20,F,25,USA,0,13,389
tiahaughian,1309,882,28,546,14,F,21,USA,0,13,390
lushalexa,3366,405,286,1780,36,F,18,USA,0,13,391
gen.athenea,1197,337,3,488,158,F,21,USA,0,13,392
niha.bhaskar,1261,995,31,818,36,F,22,USA,0,13,393
menicolen,3846,1075,192,1820,192,F,24,USA,0,13,394
juliagolovin,4993,753,172,1772,164,F,18,USA,0,13,395
isabellaburnham,1352,783,98,636,26,F,22,USA,0,13,396
lexivannn,1459,1045,62,732,14,F,32,USA,0,13,397
gkirb32,1774,1228,31,348,8,M,32,USA,0,13,398
cameygill,2705,23,212,536,20,M,28,USA,0,13,399
chrismoroney39,1034,814,11,548,84,M,22,USA,0,13,400
rio_rohit_,763,144,207,346,1,M,24,India,0,19,398
sweetie_0_0_7,26,367,7,28,6,F,18,India,0,19,399
virat18)abi,159,112,84,52,0,M,18,India,0,19,400
simranram07,9015,148,573,654,24,F,24,India,0,19,401
this_is__kettavan,376,592,20,122,0,M,20,India,0,19,402
iam_vanamuthu,125,130,24,100,0,M,21,India,0,19,403
king_for_those_who_know_me,605,273,102,150,6,M,23,India,0,19,404
prajesh.chander,164,71,7,96,0,M,19,India,0,19,405
satyam_sachin10,944,149,95,118,0,M,18,India,0,19,406
george.sherly,254,306,86,76,10,F,22,India,0,19,407
suvi0595,144,75,32,74,4,F,24,India,0,19,408
call_me_a_r_k,461,424,33,196,2,M,23,India,0,19,409
ishq_baaz_pintu007,158,251,30,28,2,M,21,India,1,19,410
iamakashdeeppathak,727,92,111,178,0,M,24,India,0,19,411
kavitha5351,18300,318,36,18532,202,F,19,India,0,19,412
darshankrishna,890,520,33,110,0,M,32,India,0,19,413
vnk3420,1014,474,100,22,1,M,21,India,1,19,414
_msb_de_freestyler_,2364,42,113,1202,60,M,20,India,0,20,415
kishore_mahalingam,849,308,112,188,0,M,28,India,0,20,416
arjun_reddy_thanimaram,331,508,5,48,4,M,24,India,0,20,417
_vikee_official_,456,201,7,92,0,M,18,India,0,20,418
arvinrakumar,1857,702,1173,26,0,M,28,India,0,20,419
lovely.niyas.7,264,621,37,108,0,M,25,India,1,20,420
hema_362,5863,6,73,36,0,F,18,India,0,20,421
tha_pa_ka,479,1271,120,104,4,F,28,India,0,20,422
guille.garcialubello,2537,1998,1148,126,2,M,35,India,0,20,423
shinebright1394,699,1261,294,26,0,F,28,India,0,20,424
key.fa.3,51,234,1210,84,2,M,32,India,0,20,425
thebookishfiasco,5482,937,1945,350,26,F,31,USA,0,23,426
daveyoil,536,415,314,60,4,M,35,USA,0,23,427
annegalyean,5762,1112,1046,508,6,F,32,USA,0,23,428
sarahh.jones,1249,869,159,582,48,F,22,USA,0,23,429
matt.L.green,64,65,97,30,6,M,32,USA,0,23,430
beccahad.ley,215,256,2,154,58,F,38,USA,0,23,431
delbislive,326,511,100,40,2,M,40,USA,0,23,432
thevintagemimosa,405,512,344,118,8,F,34,USA,0,23,433
insidethesepages,454,568,389,154,16,F,23,USA,0,23,434
wonderwomanthera,647,1293,225,176,16,F,21,USA,0,23,435
summarnassar,2970,1204,223,680,22,F,22,USA,0,23,436
claire.diskin,1639,998,75,250,26,F,27,USA,0,23,437
andreajosa,865,649,347,330,24,F,21,USA,0,23,438
mimitheriveter,2120,233,88,186,22,F,40,USA,0,23,439
blairenclaire,330,328,515,34,1,F,25,USA,0,23,440
nk_curtordye,876,2373,609,60,6,F,29,USA,0,23,441
jessicalbarcelona,3072,695,1191,412,30,F,31,USA,0,23,442
_eddy_87,1165,74,262,356,42,M,32,USA,0,23,443
smee_adventures,255,321,105,100,6,F,21,USA,0,23,444
shereetrask,1564,1196,3010,30,8,F,31,USA,0,23,445
cayla35j,1667,740,82,308,6,F,22,USA,0,23,446
leslirosen,1009,726,268,104,4,F,23,USA,0,23,447
mat_hoopess,469,592,71,210,0,M,21,USA,0,23,448
eric_swaney,1399,7496,493,24,0,M,35,USA,0,23,449
kimmyxxthoen,846,843,276,400,20,F,28,USA,0,23,450
ricohipo,1298,1046,147,222,4,M,21,USA,0,23,451
allymiquel,4823,1380,320,176,10,M,35,USA,0,23,452
mean.ebo,1178,842,103,448,6,F,26,USA,0,23,453
iknowyouknowyuno,615,17,1551,92,6,F,22,USA,0,23,454
darcilyn,456,620,1078,52,10,F,35,USA,0,23,455
jordon_r_oconnor,470,473,188,170,6,M,33,USA,0,23,456
ksanchir,314,20,79,36,0,F,17,USA,0,23,457
hofflovv,1007,316,493,46,10,F,24,USA,0,23,458
zzzzonster,198,508,190,22,6,F,27,USA,0,23,459
dylanhootsfilm,142,2,202,106,4,M,32,USA,0,23,460
dvniellemarie,982,103,72,38,2,F,24,USA,0,23,461
baroqueviolins,428,774,357,162,4,F,18,USA,0,23,462
just_jessea,773,697,3828,84,4,F,26,USA,0,23,463
rugrats_on_oils,8320,1852,1057,180,132,F,29,USA,0,23,464
phillipajordan,1435,694,478,200,0,F,29,USA,0,23,465
zach_janik,539,386,39,122,4,M,27,USA,0,23,466
cidr0c,1305,487,219,212,2,F,21,USA,0,23,467
mconnell45,118,415,27,66,6,F,45,USA,0,23,468
crass_official,1146,1432,489,184,10,F,24,USA,0,23,469
amybrutsky,19100,318,72,2000,246,F,23,USA,0,23,470
jenadailey.tri,1197,1127,1360,204,10,F,26,USA,0,23,471
micheleofthepnw,12,3,5,2,0,F,21,USA,0,23,472
shelly.rosie,1334,1613,1199,110,4,F,23,USA,0,23,473
brittselbo,141,209,34,34,10,F,29,USA,0,23,474
jodythomsasobrien,6097,5720,487,266,18,F,32,USA,0,23,475
naddyselfofficial,5646,224,62,842,22,M,28,USA,0,23,476
tinaaxmarie,1141,73,102,844,38,F,23,USA,0,23,477
gilbertgreggo,21,11,27,26,6,M,52,USA,0,23,478
ruki_206,396,282,97,222,2,M,18,USA,0,23,479
vanessajubis,1114,809,4170,140,22,F,27,USA,0,23,480
haleyferrante,578,563,124,184,2,F,24,USA,0,23,481
ryanstruyk,1212,688,619,205,6,M,34,USA,0,23,482
metro900,173,148,1127,40,8,M,56,USA,0,23,483
richard_lutz,536,222,228,66,4,M,25,USA,0,23,484
kelseyane,1082,994,361,422,24,F,18,USA,0,23,485
aroafortt,1769,982,422,388,8,F,18,USA,0,23,486
shishir.hedau,184,333,2,198,32,M,18,India,0,23,487
mr.a_lo_n_e,334,144,72,64,2,M,18,India,0,23,488
kirthy__,197,331,41,178,4,F,18,India,0,23,489
yeswanth_aquito,592,345,41,384,18,M,23,India,0,23,490
prasan_spunky,417,1579,87,150,12,M,25,India,1,23,491
jigonsandu,126,1282,153,16,2,M,28,India,1,23,492
kani7928,1093,1,14,76,4,F,22,India,0,23,493
raghuram21,181,190,35,72,1,M,21,India,0,23,494
sanjay_shiva_offl,476,584,55,226,44,M,22,India,0,23,495
kishore_kicha_05,569,138,22,150,4,M,18,India,0,23,496
sportsbian97,859,29,648,100,6,F,22,India,0,23,497
_wiz_krish_,283,623,14,194,6,M,23,India,0,23,498
thereal_zibashaikh,2047,87,99,882,30,F,21,India,0,23,499
rakulpreet8297,292,33,134,34,6,F,21,India,0,23,500
